-- phpMyAdmin SQL Dump
-- version 4.7.4
-- https://www.phpmyadmin.net/
--
-- Host: 127.0.0.1
-- Generation Time: 2018-07-29 15:15:12
-- 服务器版本： 10.1.28-MariaDB
-- PHP Version: 5.6.32

SET SQL_MODE = "NO_AUTO_VALUE_ON_ZERO";
SET AUTOCOMMIT = 0;
START TRANSACTION;
SET time_zone = "+00:00";


/*!40101 SET @OLD_CHARACTER_SET_CLIENT=@@CHARACTER_SET_CLIENT */;
/*!40101 SET @OLD_CHARACTER_SET_RESULTS=@@CHARACTER_SET_RESULTS */;
/*!40101 SET @OLD_COLLATION_CONNECTION=@@COLLATION_CONNECTION */;
/*!40101 SET NAMES utf8mb4 */;

--
-- Database: `maoyan`
--

-- --------------------------------------------------------

--
-- 表的结构 `actor`
--

CREATE TABLE `actor` (
  `aid` int(11) NOT NULL,
  `aname` varchar(32) DEFAULT NULL,
  `aename` varchar(32) DEFAULT NULL,
  `iid` varchar(16) DEFAULT NULL,
  `birth` varchar(32) DEFAULT NULL,
  `tall` int(11) DEFAULT NULL,
  `gender` int(11) DEFAULT NULL,
  `intro` text,
  `awards` text,
  `poster` varchar(64) DEFAULT NULL,
  `avatorimg` varchar(64) DEFAULT NULL
) ENGINE=InnoDB DEFAULT CHARSET=utf8;

--
-- 转存表中的数据 `actor`
--

INSERT INTO `actor` (`aid`, `aname`, `aename`, `iid`, `birth`, `tall`, `gender`, `intro`, `awards`, `poster`, `avatorimg`) VALUES
(1, '徐峥', 'Zheng Xu', '1,2,3', '72403200000', 178, 1, NULL, '第12届-最受关注男演员_<夜店>2009/饰:何三水;第32届-最佳男主角(提名)_<人在囧途之泰囧>2012/饰:徐朗,编剧,制片人;第29届-最佳男配角(提名)_<疯狂的石头>2006/饰:冯董', NULL, NULL);

-- --------------------------------------------------------

--
-- 表的结构 `actor_identity`
--

CREATE TABLE `actor_identity` (
  `iid` int(11) NOT NULL,
  `identity` varchar(32) DEFAULT NULL
) ENGINE=InnoDB DEFAULT CHARSET=utf8;

--
-- 转存表中的数据 `actor_identity`
--

INSERT INTO `actor_identity` (`iid`, `identity`) VALUES
(1, '导演'),
(2, '编剧'),
(3, '演员'),
(4, '制片人'),
(5, '监制'),
(6, '摄影师'),
(7, '剪辑师'),
(8, '美术指导'),
(9, '录音'),
(10, '出品人'),
(11, '动作指导'),
(12, '剪辑指导'),
(13, '美术师'),
(14, '摄影指导');

-- --------------------------------------------------------

--
-- 表的结构 `banner`
--

CREATE TABLE `banner` (
  `bid` int(11) NOT NULL,
  `banner` varchar(32) DEFAULT NULL
) ENGINE=InnoDB DEFAULT CHARSET=utf8;

--
-- 转存表中的数据 `banner`
--

INSERT INTO `banner` (`bid`, `banner`) VALUES
(1, './images/banner4.jpg'),
(2, './images/banner2.jpg'),
(3, './images/banner3.jpg'),
(4, './images/banner1.jpg'),
(5, './images/banner5.jpg'),
(6, './images/banner6.jpg');

-- --------------------------------------------------------

--
-- 表的结构 `cinema`
--

CREATE TABLE `cinema` (
  `cid` int(11) NOT NULL,
  `date` varchar(32) CHARACTER SET utf8 DEFAULT NULL,
  `hid` int(11) DEFAULT NULL,
  `lang` varchar(16) CHARACTER SET utf8 DEFAULT NULL,
  `mcid` int(11) DEFAULT NULL,
  `mid` int(11) DEFAULT NULL,
  `price` int(11) DEFAULT NULL,
  `seats` varchar(256) NOT NULL
) ENGINE=InnoDB DEFAULT CHARSET=latin1;

--
-- 转存表中的数据 `cinema`
--

INSERT INTO `cinema` (`cid`, `date`, `hid`, `lang`, `mcid`, `mid`, `price`, `seats`) VALUES
(1, '1532864200000', 8, '国语2D', 2, 4, 38, '0,0,0,0,0,0,0,0,0,0,0,0,0,0,0,0,0,0,0,0,0,0,0,0,0,0,0,0,0,0,0,0,0,0,0,0,0,0,0,0,0,0,0,0,0,0,0,0,0,0,0,0,0,0,0,0,0,0,0,0,0,0,0,0,0,0,0,0,0,0,0,0'),
(2, '1532886800000', 9, '国语2D', 2, 4, 38, '0,0,0,0,0,0,0,0,0,0,0,0,0,0,0,0,0,0,0,0,0,0,0,0,0,0,0,0,0,0,0,0,0,0,0,0,0,0,0,0,0,0,0,0,0,0,0,0,0,0,0,0,0,0,0,0,0,0,0,0,0,0,0,0,0,0,0,0,0,0,0,0'),
(3, '1532890200000', 1, '国语3D', 2, 4, 38, '0,0,0,0,0,0,0,0,0,0,0,0,0,0,0,0,0,0,0,0,0,0,0,0,0,0,0,0,0,0,0,0,0,0,0,0,0,0,0,0,0,0,0,0,0,0,0,0,0,0,0,0,0,0,0,0,0,0,0,0,0,0,0,0,0,0,0,0,0,0,0,0'),
(4, '1532893500000', 2, '国语3D', 2, 4, 38, '0,0,0,0,0,0,0,0,0,0,0,0,0,0,0,0,0,0,0,0,0,0,0,0,0,0,0,0,0,0,0,0,0,0,0,0,0,0,0,0,0,0,0,0,0,0,0,0,0,0,0,0,0,0,0,0,0,0,0,0,0,0,0,0,0,0,0,0,0,0,0,0'),
(5, '1532858000000', 3, '国语2D', 2, 4, 38, '0,0,0,0,0,0,0,0,0,0,0,0,0,0,0,0,0,0,0,0,0,0,0,0,0,0,0,0,0,0,0,0,0,0,0,0,0,0,0,0,0,0,0,0,0,0,0,0,0,0,0,0,0,0,0,0,0,0,0,0,0,0,0,0,0,0,0,0,0,0,0,0'),
(6, '1532865200000', 4, '国语2D', 2, 4, 38, '0,0,0,0,0,0,0,0,0,0,0,0,0,0,0,0,0,0,0,0,0,0,0,0,0,0,0,0,0,0,0,0,0,0,0,0,0,0,0,0,0,0,0,0,0,0,0,0,0,0,0,0,0,0,0,0,0,0,0,0,0,0,0,0,0,0,0,0,0,0,0,0'),
(7, '1532879400000', 5, '国语2D', 2, 4, 38, '0,0,0,0,0,0,0,0,0,0,0,0,0,0,0,0,0,0,0,0,0,0,0,0,0,0,0,0,1,0,0,0,0,0,0,0,0,0,0,0,0,0,0,0,0,0,0,0,0,0,0,0,0,0,0,0,0,0,0,0,0,0,0,0,0,0,0,0,0,0,0,0'),
(8, '1532882400000', 6, '国语3D', 2, 4, 38, '0,0,0,0,0,0,0,0,0,0,0,0,0,0,0,1,0,0,0,0,0,0,0,0,0,0,0,1,0,0,0,0,0,0,0,0,0,0,0,1,0,0,0,0,0,0,0,0,0,0,0,1,0,0,0,0,0,0,0,0,0,0,0,1,0,0,0,0,0,0,0,0'),
(9, '1532906800000', 11, '国语2D', 1, 29, 38, '0,0,0,0,0,0,0,0,0,0,0,0,0,0,0,0,0,0,0,0,0,0,0,0,0,0,0,0,0,0,0,0,0,0,0,0,0,0,0,0,0,0,0,0,0,0,0,0,0,0,0,0,0,0,0,0,0,0,0,0,0,0,0,0,0,0,0,0,0,0,0,0'),
(10, '1532862400000', 11, '国语3D', 1, 29, 38, '0,0,0,0,0,0,0,0,0,0,0,0,0,0,0,0,0,0,0,0,0,0,0,0,0,0,0,0,0,0,0,0,0,0,0,0,0,0,0,0,0,0,0,0,0,0,0,0,0,0,0,0,0,0,0,0,0,0,0,0,0,0,0,0,0,0,0,0,0,0,0,0'),
(11, '1532888900000', 12, '国语2D', 1, 29, 38, '0,0,0,0,0,0,0,0,0,0,0,0,0,0,0,0,0,0,0,0,0,0,0,0,0,0,0,0,0,0,0,0,0,0,0,0,0,0,0,0,0,0,0,0,0,0,0,0,0,0,0,0,0,0,0,0,0,0,0,0,0,0,0,0,0,0,0,0,0,0,0,0'),
(12, '1532898900000', 13, '国语2D', 1, 29, 38, '0,0,0,0,0,0,0,0,0,0,0,0,0,0,0,0,0,0,0,0,0,0,0,0,0,0,0,0,0,0,0,0,0,0,0,0,0,0,0,0,0,0,0,0,0,0,0,0,0,0,0,0,0,0,0,0,0,0,0,0,0,0,0,0,0,0,0,0,0,0,0,0'),
(13, '1532746000000', 14, '国语2D', 1, 29, 38, '0,0,0,0,0,0,0,0,0,0,0,0,0,0,0,0,0,0,0,0,0,0,0,0,0,0,0,0,0,0,0,0,0,0,0,0,0,0,0,0,0,0,0,0,0,0,0,0,0,0,0,0,0,0,0,0,0,0,0,0,0,0,0,0,0,0,0,0,0,0,0,0'),
(14, '1532701000000', 16, '国语2D', 1, 29, 38, '0,0,0,0,0,0,0,0,0,0,0,0,0,0,0,0,0,0,0,0,0,0,0,0,0,0,0,0,0,0,0,0,0,0,0,0,0,0,0,0,0,0,0,0,0,0,0,0,0,0,0,0,0,0,0,0,0,0,0,0,0,0,0,0,0,0,0,0,0,0,0,0'),
(15, '1532751900000', 17, '国语2D', 1, 29, 38, '0,0,0,0,0,0,0,0,0,0,0,0,0,0,0,0,0,0,0,0,0,0,0,0,0,0,0,0,0,0,0,0,0,0,0,0,0,0,0,0,0,0,0,0,0,0,0,0,0,0,0,0,0,0,0,0,0,0,0,0,0,0,0,0,0,0,0,0,0,0,0,0'),
(16, '1532671900000', 15, '国语2D', 1, 9, 38, '0,0,0,0,0,0,0,0,0,0,0,0,0,0,0,0,0,0,0,0,0,0,0,0,0,0,0,0,0,0,0,0,0,0,0,0,0,0,0,0,0,0,0,0,0,0,0,0,0,0,0,0,0,0,0,0,0,0,0,0,0,0,0,0,0,0,0,0,0,0,0,0'),
(17, '1532693400000', 18, '国语2D', 1, 9, 38, '0,0,0,0,0,0,0,0,0,0,0,0,0,0,0,0,0,0,0,0,0,0,0,0,0,0,0,0,0,0,0,0,0,0,0,0,0,0,0,0,0,0,0,0,0,0,0,0,0,0,0,0,0,0,0,0,0,0,0,0,0,0,0,0,0,0,0,0,0,0,0,0');

-- --------------------------------------------------------

--
-- 表的结构 `city`
--

CREATE TABLE `city` (
  `cid` int(11) NOT NULL,
  `cname` varchar(16) CHARACTER SET utf8mb4 DEFAULT NULL,
  `cindex` varchar(4) NOT NULL
) ENGINE=InnoDB DEFAULT CHARSET=latin1;

--
-- 转存表中的数据 `city`
--

INSERT INTO `city` (`cid`, `cname`, `cindex`) VALUES
(1, '阿拉善盟', 'A'),
(2, '鞍山', 'A'),
(3, '安庆', 'A'),
(4, '安阳', 'A'),
(5, '阿坝', 'A'),
(6, '安顺', 'A'),
(7, '阿勒泰', 'A'),
(8, '安丘', 'A'),
(9, '北京市', 'B'),
(10, '保定', 'B'),
(11, '蚌埠', 'B'),
(12, '包头', 'B'),
(13, '白城', 'B'),
(14, '白山', 'B'),
(15, '白银', 'B'),
(16, '宝鸡', 'B'),
(17, '北海', 'B'),
(18, '泊头市', 'B'),
(19, '重庆', 'C'),
(20, '成都', 'C'),
(21, '长沙', 'C'),
(22, '常州', 'C'),
(23, '长春', 'C'),
(24, '沧州', 'C'),
(25, '承德', 'C'),
(26, '赤峰', 'C'),
(27, '长治', 'C'),
(28, '朝阳', 'C'),
(29, '池州', 'C'),
(30, '巢湖', 'C'),
(31, '滁州', 'C'),
(32, '潮州', 'C'),
(33, '郴州', 'C'),
(34, '常德', 'C'),
(35, '崇左', 'C'),
(36, '楚雄', 'C'),
(37, '昌吉', 'C'),
(38, '常熟', 'C'),
(39, '长乐', 'C'),
(40, '长兴', 'C'),
(41, '慈溪', 'C'),
(42, '昌邑', 'C'),
(43, '长葛', 'C'),
(44, '苍南', 'C'),
(45, '大连', 'D'),
(46, '东莞', 'D'),
(47, '大庆', 'D'),
(48, '大同', 'D'),
(49, '丹东', 'D'),
(50, '大兴安岭', 'D'),
(51, '东营', 'D'),
(52, '德州', 'D'),
(53, '德阳', 'D'),
(54, '达州', 'D'),
(55, '德宏', 'D'),
(56, '大理', 'D'),
(57, '迪庆', 'D'),
(58, '定西', 'D'),
(59, '敦煌', 'D'),
(60, '丹阳', 'D'),
(61, '东台', 'D'),
(62, '大丰', 'D'),
(63, '德清', 'D');

-- --------------------------------------------------------

--
-- 表的结构 `comment`
--

CREATE TABLE `comment` (
  `cid` int(11) NOT NULL,
  `uid` int(11) DEFAULT NULL,
  `mid` int(11) DEFAULT NULL,
  `score` int(11) DEFAULT NULL,
  `comment` text CHARACTER SET utf8
) ENGINE=InnoDB DEFAULT CHARSET=latin1;

--
-- 转存表中的数据 `comment`
--

INSERT INTO `comment` (`cid`, `uid`, `mid`, `score`, `comment`) VALUES
(1, 20, 4, 9, '以前不管看什么电影，从来没有写过影评，但是这部电影看完以后真的是忍不住，就好像胸中憋了一团火要炸裂的感觉。从电影院出来以后眼泪一直挂着。良心说，里面的演员颜值不像其他国产电影，甚至于那个小黄毛看起来还有点丑。就连关谷神奇也变丑了。但是演技真的很完美，从写实的角度把故事叙述的刀刀插入人心。我和我的家人没有得过什么大病，但是换位思考，谁还能保证到死也不会进医院？换成如果我是故事里面的人物，我估计我应该会承受不住压力自己了断不去耽误家里人。毕竟我们的国家就是这样，穷人真的不能病也不敢病，就像现在微信朋友圈里隔三差五的就是水滴筹或则其他类似的信息。每次看到都是一阵心痛和后怕。'),
(2, 20, 5, 7, '从未评论过'),
(3, 2, 4, 8, '给九分是因为这片真实的说出了在中国就是吃天价药，发个烧二话不说先打针吊牌几百块就没了，更别说得了重病治疗了，穷人家根本看不起病， 法律不在乎人情，只会纵容坏人，好人都得不好报！！'),
(4, 3, 4, 9, '据说是一部真实事情而改编的电影，一直觉得徐铮是一位优秀的好演员。 此部电影反应了社会、现实、人性的一些问题，庆幸我们遇上了一个好年代，国家逐渐得以民心，生命漫长而又短暂，好好活着就是最大的奢侈，好好生活，保持善良。平凡并不可怕，拥有高贵的品格才是人最需要的东西，身处绝境也能绽放出最温暖的笑容。 这部电影的题材与以往很多国产电影不同，我相信电影最后每一个落泪的人内心都有一份纯净。希望以后能多有这样类型的电影，传递正能量，去正视社会，也敲醒人性的真诚和理解。 这个世界没有药神，也没有超级英雄，而是因为千千万万平凡如你我的小人物。 良心剧... 推荐 ～ '),
(5, 4, 4, 8, '赶了个首映！ 应该是中国近5年的良心剧了吧[强][强][强] 前面搞笑，后面真实…… 推荐推荐推荐，不好看你找我[嘿哈]'),
(6, 5, 4, 7, '不亏和老公凌晨赶场过来看，话不多说，真的值得一看。'),
(7, 6, 4, 9, '真的很赞 笑点泪点把控的很好 故事真实 今天去看爆满 前面笑一片 后面哭一片'),
(8, 7, 4, 9, '反正我哭了。我妈妈身体也不好。也是药养着。但是现在都有医保啥的。条件也好了。但是身临其境的想下。眼泪就止不住了。很好的电影'),
(9, 17, 4, 9, '没的说，今年最好影片，没有之一'),
(10, 18, 4, 9, '我认为这是一部跟摔跤吧爸爸同层次的电影，忍到最后还是会流泪。生命很坚强也很脆弱，命与药的关系就是这么赤裸裸。（不良厂商做药设天价，没有良心，不合理，但是这在世界都是完全合法的，决定用这个药来牟取暴利还是济世度人是药商自己的权利，毕竟药是他们研发的。）之前刚看完在这里说不良厂商，还是刚看完有些不清醒了，其实不论他们的主观意愿是什么，都是他们的成果给了病人选择的希望。国家政府会把药纳入医保、发展制度、免除关税来降低病人的压力，我们个人也应该为诸如此类的研发事业做出贡献，比如为医学难题做出重大突破，等等各行各业，才能将未来将好东西做到平价( ¯ᒡ̱¯ )و'),
(11, 19, 4, 6, '我觉得......'),
(12, 19, 13, 6, '评分'),
(13, 19, 14, 3, '阿双方打发的说法'),
(14, 19, 28, 6, ''),
(15, 17, 22, 6, '不错'),
(16, 17, 3, 9, '已经下映啦，买不到票啦'),
(17, 17, 3, 9, '已经下映啦，买不到票啦'),
(18, 4, 19, 7, '虽然还没上映..不过我觉的不错'),
(19, 4, 13, 6, '不错不错~~'),
(20, 4, 13, 7, '不错不错~~'),
(21, 24, 29, 9, ''),
(22, 25, 16, 9, ''),
(23, 27, 2, 9, '环境恢复'),
(24, 27, 2, 2, '环境恢复'),
(25, 22, 16, 8, ''),
(26, 22, 4, 9, ''),
(27, 22, 28, 6, 'fsadfasdd');

-- --------------------------------------------------------

--
-- 表的结构 `favorite`
--

CREATE TABLE `favorite` (
  `fid` int(11) NOT NULL,
  `mid` int(11) DEFAULT NULL,
  `uid` int(11) DEFAULT NULL,
  `isfav` int(11) DEFAULT NULL
) ENGINE=InnoDB DEFAULT CHARSET=utf8;

--
-- 转存表中的数据 `favorite`
--

INSERT INTO `favorite` (`fid`, `mid`, `uid`, `isfav`) VALUES
(1, 1, 17, 1),
(2, 1, 2, 1),
(3, 1, 3, 1),
(4, 1, 4, 1),
(5, 1, 5, 1),
(6, 1, 6, 1),
(7, 1, 7, 1),
(8, 2, 19, 1),
(9, 3, 4, 1),
(10, 3, 7, 1),
(11, 7, 7, 1),
(12, 7, 4, 1),
(13, 22, 3, 1),
(14, 21, 2, 1),
(15, 20, 2, 1),
(16, 19, 2, 1),
(17, 18, 2, 1),
(18, 17, 2, 1),
(19, 16, 2, 1),
(20, 15, 2, 1),
(21, 14, 4, 1),
(22, 13, 2, 1),
(23, 12, 3, 1),
(24, 11, 2, 1),
(25, 10, 3, 1),
(26, 9, 2, 1),
(44, 5, 7, NULL),
(45, 5, 6, NULL),
(46, 5, 5, NULL),
(47, 5, 4, NULL),
(48, 5, 3, NULL),
(49, 5, 2, NULL),
(50, 5, 17, NULL),
(53, 4, 20, NULL),
(54, 2, 20, NULL),
(57, 4, 19, NULL),
(93, 28, 19, NULL),
(94, 19, 19, NULL),
(95, 7, 19, NULL),
(96, 23, 19, NULL),
(97, 22, 19, NULL),
(98, 10, NULL, NULL),
(99, 8, 17, NULL),
(108, 12, 17, NULL),
(109, 22, 17, NULL),
(110, 23, 17, NULL),
(111, 10, 17, NULL),
(112, 28, 17, NULL),
(113, 16, 17, NULL),
(114, 13, 17, NULL),
(115, 26, 17, NULL),
(116, 24, 17, NULL),
(117, 7, 17, NULL),
(119, 2, 17, NULL),
(120, 5, NULL, NULL),
(123, 10, 4, NULL),
(125, 19, 4, NULL),
(126, 12, 4, NULL),
(127, 22, 4, NULL),
(128, 13, 4, NULL),
(129, 26, 3, NULL),
(130, 25, NULL, NULL),
(131, 29, NULL, NULL),
(132, 28, 3, NULL),
(133, 24, 3, NULL),
(134, 16, 3, NULL),
(135, 7, 3, NULL),
(136, 10, NULL, NULL),
(137, 3, 21, NULL),
(138, 5, 21, NULL),
(139, 2, 21, NULL),
(140, 21, NULL, NULL),
(141, 14, NULL, NULL),
(142, 19, NULL, NULL),
(143, 4, NULL, NULL),
(144, 4, NULL, NULL),
(145, 29, NULL, NULL),
(146, 29, 24, NULL),
(147, 16, 25, NULL),
(148, 2, NULL, NULL),
(149, 3, NULL, NULL),
(150, 20, NULL, NULL),
(151, 5, NULL, NULL),
(153, 2, 27, NULL),
(154, 36, 22, NULL);

-- --------------------------------------------------------

--
-- 表的结构 `hall`
--

CREATE TABLE `hall` (
  `hid` int(11) NOT NULL,
  `mcid` int(11) DEFAULT NULL,
  `hall` varchar(32) DEFAULT NULL,
  `rows` int(11) DEFAULT NULL,
  `columns` int(11) DEFAULT NULL
) ENGINE=InnoDB DEFAULT CHARSET=utf8;

--
-- 转存表中的数据 `hall`
--

INSERT INTO `hall` (`hid`, `mcid`, `hall`, `rows`, `columns`) VALUES
(1, 2, 'IMAX厅', 6, 12),
(2, 2, 'CGS中国巨幕厅', 6, 12),
(3, 2, '杜比全景声厅', 6, 12),
(4, 2, ' 杜比影院', 6, 12),
(5, 2, 'RealD厅', 6, 12),
(6, 2, 'RealD', 6, 12),
(7, 2, '6号激光厅', 6, 12),
(8, 2, '3号厅', 6, 12),
(9, 2, '1号厅', 6, 12),
(10, 2, '8号厅', 6, 12),
(11, 1, '4K厅', 6, 12),
(12, 1, '杜比影院', 6, 12),
(13, 1, 'LUXE巨幕厅', 6, 12),
(14, 1, '4D厅', 6, 12),
(15, 1, '儿童厅', 6, 12),
(16, 1, '4DX厅', 6, 12),
(17, 1, 'CGS中国巨幕厅', 6, 12),
(18, 1, 'IMAX厅', 6, 12),
(20, 3, 'CGS中国巨幕厅', 6, 12),
(21, 3, '7号厅', 6, 12),
(22, 3, '6号厅', 6, 12),
(23, 3, '3号厅', 6, 12),
(24, 3, '2号厅', 6, 12),
(25, 3, '8号厅', 6, 12),
(26, 3, '9号厅', 6, 12),
(27, 3, '巨幕厅', 6, 12),
(28, 4, 'IMAX厅', 6, 12),
(29, 4, 'CGS中国巨幕厅', 6, 12),
(30, 4, '杜比全景声厅', 6, 12),
(31, 4, '杜比影院', 6, 12),
(32, 4, 'RealD厅', 6, 12),
(33, 4, 'RealD', 6, 12),
(34, 4, '6FL厅', 6, 12),
(35, 4, 'LUXE巨幕厅', 6, 12),
(36, 4, 'LUXE巨幕厅', 6, 12),
(37, 4, '4DX厅', 6, 12),
(38, 4, '儿童厅', 6, 12),
(39, 5, '巨幕厅', 6, 12),
(40, 5, 'IMAX厅', 6, 12),
(41, 5, 'CGS中国巨幕厅', 6, 12),
(42, 5, '杜比全景声厅', 6, 12),
(43, 5, '杜比影院', 6, 12),
(44, 5, 'RealD厅', 6, 12),
(45, 5, 'LUXE巨幕厅', 6, 12),
(46, 6, 'CGS中国巨幕厅', 6, 12),
(47, 6, '杜比影院', 6, 12),
(48, 7, '9号厅', 6, 12),
(49, 7, '8号厅', 6, 12),
(57, 8, '9号厅', 6, 12),
(58, 8, '3号厅', 6, 12),
(59, 8, '5号厅', 6, 12),
(60, 9, '8号厅', 6, 12),
(61, 9, '7号厅', 6, 12),
(62, 9, '3号厅', 6, 12),
(63, 9, '6号厅', 6, 12),
(64, 10, '4号厅', 6, 12),
(65, 10, '5号厅', 6, 12),
(66, 11, '7号厅', 6, 12),
(67, 11, '8号厅', 6, 12),
(68, 12, '1号厅', 6, 12),
(69, 13, '2号厅', 6, 12),
(70, 13, '3号厅', 6, 12),
(71, 14, '1号厅', 6, 12),
(72, 14, '7号厅', 6, 12),
(73, 15, '1号厅', 6, 12);

-- --------------------------------------------------------

--
-- 表的结构 `location`
--

CREATE TABLE `location` (
  `lid` int(11) NOT NULL,
  `location` varchar(16) DEFAULT NULL
) ENGINE=InnoDB DEFAULT CHARSET=utf8;

--
-- 转存表中的数据 `location`
--

INSERT INTO `location` (`lid`, `location`) VALUES
(1, '中国大陆'),
(2, '美国'),
(3, '韩国'),
(4, '日本'),
(5, '中国香港'),
(6, '中国台湾'),
(7, '泰国'),
(8, '印度'),
(9, '法国'),
(10, '英国'),
(11, '俄罗斯'),
(12, '意大利'),
(13, '西班牙'),
(14, '德国'),
(15, '波兰'),
(16, '澳大利亚'),
(17, '伊朗'),
(18, '其他');

-- --------------------------------------------------------

--
-- 表的结构 `movie`
--

CREATE TABLE `movie` (
  `mid` int(11) NOT NULL,
  `mname` varchar(64) DEFAULT NULL,
  `poster` varchar(32) DEFAULT NULL,
  `avator` varchar(32) DEFAULT NULL,
  `ename` varchar(64) DEFAULT NULL,
  `intro` text,
  `tid` varchar(16) DEFAULT NULL,
  `showtime` varchar(32) DEFAULT NULL,
  `endtime` varchar(32) DEFAULT NULL,
  `duration` int(11) DEFAULT NULL,
  `location` varchar(36) DEFAULT NULL,
  `actor` varchar(128) DEFAULT NULL,
  `ticket` int(11) DEFAULT NULL,
  `scoreavg` decimal(3,1) DEFAULT NULL,
  `fav` int(11) NOT NULL,
  `status` int(11) DEFAULT NULL
) ENGINE=InnoDB DEFAULT CHARSET=utf8;

--
-- 转存表中的数据 `movie`
--

INSERT INTO `movie` (`mid`, `mname`, `poster`, `avator`, `ename`, `intro`, `tid`, `showtime`, `endtime`, `duration`, `location`, `actor`, `ticket`, `scoreavg`, `fav`, `status`) VALUES
(1, '动物世界', './images/dwsj.jpg', './images/dwsj_b.jpg', 'Animal World', '男主角郑开司（李易峰 饰）因被朋友欺骗而背负上数百万的债务，面对重病的母亲和痴心等待的青梅竹马，他决心登上“命运号”游轮，改变自己一事无成的人生。只要能在渡轮上的游戏中获胜，他就将有机会将债务一笔勾销，并给家人带来更好的生活。这场游戏看似简单，参与者只需以标着“石头，剪刀，布”的扑克为道具，赢取对手身上的星星标志。但游轮上的亡命徒们毫无底线的欺诈争夺，却让人性的自私与残酷暴露无遗，局中局、计中计，让游戏场最终沦为“动物世界”斗兽场。面对绝境的郑开司，能否坚守自我底线保持善良本性？能否凭借自己的智慧和坚韧摆脱困境？这是一场自我救赎的残酷游戏，多重考验也将接踵而至。', '8,9,11', '1530201600000', '1532793600000', 132, '1,2', NULL, 0, '0.0', 7, NULL),
(2, '金蝉脱壳2', './images/jctq.jpg', './images/jctq_b.jpg', 'Escape Plan 2: Hades', '越狱专家布雷斯林（史泰龙 饰）有三个学生：周树（黄晓明 饰）、卢克和金布罗，三人性格迥异，行事风格大相径庭。在保护表弟马雨声的一次行动中，周树和表弟被一起抓进一座名为“冥府”的超级监狱。布雷斯林为了营救爱徒，在逃出海上监狱“坟墓”之后再陷 “冥府”。这一次监狱难度更高，困难升级，对抗一触即发。师徒几人在监狱中艰难保命。监狱外，同样在追查这座地下监狱的同行德罗萨（戴夫•巴蒂斯塔 饰）与他们并肩作战。最终在狱友和团队的帮助下，三人与人工智能狱长几大反派展开殊死决战，一场大战即将开启。', '6,8,10', '1530201600000', '1532793600000', 93, '2,1', NULL, 0, '6.5', 6, NULL),
(3, '超人总动员2', './images/crzdy.jpg', './images/crzdy_b.jpg', 'The Incredibles 2', '这次站在聚光灯下的是弹力女超人海伦，而超能先生巴鲍勃则在家照料巴小倩和巴小飞，过起了“正常人”的居家生活。这一角色转换对于每个家庭成员来说都是艰难的，更何况他们都还没意识到宝宝巴小杰的超能力已经悄然增长。当剧中新反派开始酝酿一个狡诈危险的阴谋，超人家族必须联合酷冰侠的力量团结对外——然而即使各自都有超能力，真正做起来却是知易行难。', '3,8,11', '1529625600000', '1532217600000', 126, '2', NULL, 0, '10.0', 4, NULL),
(4, '我不是药神', './images/wbsys.jpg', './images/wbsys_b.jpg', 'Dying To Survive', '一位不速之客的意外到访，打破了神油店老板程勇的平凡人生，他从一个交不起房租的男性保健品商贩，一跃成为印度仿制药“格列宁”的独家代理商。收获巨额利润的他，生活剧烈变化，被病患们冠以“药神”的称号。但是，一场关于救赎的拉锯战也在波涛暗涌中慢慢展开......', '2,4,10', '1530835200000', '1533513600000', 117, '1', NULL, 0, '9.4', 4, NULL),
(5, '邪不压正', './images/xbyz.jpg', './images/xbyz_b.jpg', 'Hidden Man', '北洋年间，北京以北。习武少年李天然目睹师兄朱潜龙勾结日本特务根本一郎，杀害师父全家。李天然侥幸从枪下逃脱，被美国医生亨德勒救下。李天然伤愈后，赴美学医多年，并同时接受特工训练。1937年初，李天然突然受命回国。“七七事变”前夜，北平，这座国际间谍之城，华洋混杂，山头林立。每时每刻充满诱惑与杀机。一心复仇的李天然，并不知道自己被卷入了一场阴谋，亦搅乱了一盘棋局。彼时彼刻，如同李小龙闯进了谍都卡萨布兰卡。前朝武人蓝青峰，神秘莫测，与朱潜龙、根本一郎关系紧密，更与亨德勒情同手足。是敌是友？面目不清。随着中日危机不断升级，各方博弈愈演愈烈。多次为谎言蛊惑、错失时机的李天然，终于下定决心，在红颜帮助下开启复仇行动。且看负有国恨家仇且智勇双全之李天然，如何荡涤这摊污泥浊水！', '2,4,8', '1531440000000', '1534118400000', 137, '1', NULL, 0, '8.0', 10, NULL),
(6, '后来的我们', './images/hldwm.jpg', './images/hldwm_b.jpg', 'Us and Them', '这是一个爱情故事，关于一对异乡漂泊的年轻人。十年前，林见清（井柏然 饰）和方小晓（周冬雨 饰）偶然地相识在归乡过年的火车上。两人怀揣着共同的梦想，一起在北京打拼，并开始了一段相聚相离的情感之路。十年后，见清和小晓在飞机上再次偶然重逢……命运似乎是一个轮回。在一次次的偶然下，平行线交叉，再平行，故事始终有“然后”。可后来的他们，学会如何去爱了吗？', '1,4', '1524873600000', '1527465600000', 120, '1,6', NULL, 0, '0.0', 0, NULL),
(7, '昨日青空', './images/zrqk.jpg', './images/zrqk_b.jpg', 'Crystal Sky of Yesterday', '影片以1998年一个南方小镇为背景，讲述了几位高三学生在高考前夕产生的有关友情、暗恋、亲情的成长故事。', '3,4', '1533859200000', '1536537600000', NULL, '1', NULL, 0, '0.0', 5, NULL),
(8, '出•路', './images/cl.jpg', './images/cl_b.jpg', 'A Way Out', '《出路》跟踪拍摄了三位来自不同社会阶层，历时六年追随三位主人公，记录下他们的梦想与当代中国现实的碰撞，这是不同地区的中国年轻人从学校步入社会的成长故事。来自北京的袁晗寒17岁辍学，3年后她游历完欧洲各国，考上了心仪的艺术学校，15年回国实习，在北京注册了她的艺术投资公司。湖北的徐佳，19岁，是咸宁高中的高三复读生，他已经复读了三次，最后如愿考上了一个二本。毕业工作2年后，2015年徐佳和相恋4年的女友决定结婚。来自甘肃的马百娟，12岁，在野鹊沟小学上二年级，条件艰苦，梦想能去北京上大学。2012年为了方便她上学，全家迁到宁夏，然而马百娟因为学习跟不上，第二年就退学了。15岁的马百娟独自来到陌生的城市打工，但因年龄和学历太低，屡屡碰壁。 中国当代青少年有着怎样的未来？这是导演郑琼在拍摄三名中国青少年时探索的中心问题。', '24', '1529884800000', '1532476800000', 94, '1', NULL, 0, '0.0', 1, NULL),
(9, '青春不留白', './images/qcblb.jpg', './images/qcblb_b.jpg', 'The Unrepentant Youth', '大学四年级毕业生王国栋（宦宇 饰）在经历了第66次求职失败之后，决定放弃找工作，毅然而然地白手起家，走进了创业大军的行列。他开办了一家传媒公司，两位大学里的结拜兄弟成了他的股东和左右臂膀。王国栋的公司主要经营校园广告业务，他很快成了学校的名人，一时风头无两。可就在王国栋沾沾自喜的时候，他的学习成绩明显下降，毕业论文面临着不及格的惨状。他的导师讽刺他：“比尔盖茨中途辍学去创业，可是他有个那样的爹，你们有吗？”女友刘雅琪（高雪儿 饰）也极力反对他好高骛远去创业，甚至提出了分手。假装寻求合作的师兄侯振宁（马祥睿 饰）趁机窃取了王国栋的商业计划书，越俎代孢抢走了一个天使投资人投资王国栋的机会。这时候，各路的债主也逼上门来，王国栋举步维艰，面临着倒闭；公司内部在责权利方面产生了巨大分歧；偏偏这时母亲又心脏病住院了急需一笔手术费。此时的王国栋在友情与利益、安稳与奋争的博弈之中苦苦挣扎……', '2,4', '1530230400000', '1532822400000', 97, '1', NULL, 0, '0.0', 1, NULL),
(10, '一出好戏', './images/ychx.jpg', './images/ychx_b.jpg', '一出好戏', '一个普通员工如何通过一次团建，在20个男同事和10个女同事中间突围而出，取代老板，迎娶白富美，走上人生巅峰的故事', '2,4', '1533859200000', '1536537600000', 121, '1', NULL, 0, '0.0', 5, NULL),
(11, '阿飞正传', './images/afzz.jpg', './images/afzz_b.jpg', 'Days of Being Wild', '1960年代的香港，因生母在阿飞旭仔（张国荣 饰）长大成人过程中的缺失，他把自己优雅地比喻为“无根鸟”，对生命中遇到的每一个女人都表现得放荡不羁，售票员苏丽珍（张曼玉 饰）和舞女咪咪（刘嘉玲 饰）先后令他感受过温暖，可是她们也只能当当小情人。为摆脱沉重和无力感，旭仔抛下一切去南洋找寻生母。暗恋过苏丽珍且目睹过她与旭仔情感一路变化的，曾是小巡警今在跑船的超仔（刘德华 饰）在菲律宾又遇到旭仔，是缘分也是宿命，他参与、见证了阿飞命运被改写的过程。', '1,4,10', '1529884800000', '1532476800000', 94, '5', NULL, 0, '0.0', 1, NULL),
(12, '爱情公寓', './images/aqgy.jpg', './images/aqgy_b.jpg', 'IPARTMENT', '《爱情公寓》电影版归来，原班人马十年催泪重聚。曾小贤、胡一菲、唐悠悠、吕子乔、张伟、陈美嘉悉数回归，还是熟悉的场景和熟悉的人，嘻嘻哈哈、打打闹闹，笑声从没停过。老朋友的故事将继续展开，印证了电视剧的那句主题语——“最好的朋友在身边，最爱的人就在对面”。不过这一次，他们打算搞个大事情……', '1,2', '1533859200000', '1536537600000', 115, '1', NULL, 0, '0.0', 3, NULL),
(13, '最后一球', './images/zhyq.jpg', './images/zhyq_b.jpg', 'Тренер', '在一场万人瞩目的比赛中，俄罗斯国家队队长尤里因射失点球导致球队惨败，而后他声名狼藉告别了绿茵场。就在尤里跌入谷底被所有人遗忘的时候，一支地方球队却意外邀请他担任主教练。面对球队的内忧外患，政府的质疑与无视，球场上各种黑幕与潜规则，尤里毅然决然地带领这支球队开启了一场为己正名的战斗。终于在他的带领下球队逆袭闯进了全国决赛，而这最后一球将决定尤里能否带领这支籍籍无名的队伍取得胜利，代表俄罗斯参加欧联 ……', '4,14', '1530230400000', '1532822400000', 138, '11', NULL, 0, '7.3', 3, NULL),
(14, '暹罗决：九神战甲', './images/jszj.jpg', './images/jszj_b.jpg', 'The Legend of Muay Thai: 9 Satra', '拉玛贴王国遭遇夜叉族入侵，一夜之间覆灭。传说，将会出现一位拥有神器九神战甲的泰拳少年，挽救苦难中的王国。为绝后患，夜叉王举全族之力毁灭神器，战甲守护者及幼子奥特被泰拳大师所救。 多年后，夜叉族再次追寻到神器踪迹，已成长为泰拳战士的奥特在父辈的保护下携九神战甲出逃，并与女海盗小兰、神秘夜叉玛拉达以及猴王瓦达一起，与邪恶的夜叉族展开较量......', '3,8,13', '1530230400000', '1532822400000', 104, '7', NULL, 0, '4.0', 2, NULL),
(15, '超时空同居', './images/csktj.jpg', './images/csktj_b.jpg', 'How Long Will I Love You', '来自2018年谷小焦（佟丽娅 饰）与1999年陆鸣（雷佳音 饰），两人时空重叠意外住在同一个房间。从互相嫌弃到试图“共谋大业”，阴差阳错发生了一系列好笑的事情。乐在其中的两人并不知道操控这一切的神秘人竟是想要去2037年“投机取巧”的2018年的……', '1,2,13', '1526601600000', '1529280000000', 101, '1', NULL, 0, '0.0', 1, NULL),
(16, '西虹市首富', './images/xhssf.jpg', './images/xhssf_b.jpg', 'Hello Mr. Billionaire', '故事发生在《夏洛特烦恼》中的“特烦恼”之城“西虹市”。混迹于丙级业余足球队的守门员王多鱼（沈腾 饰），因比赛失利被开除离队。正处于人生最低谷的他接受了神秘台湾财团“一个月花光十亿资金”的挑战。本以为快乐生活就此开始，王多鱼却第一次感到“花钱特烦恼”！想要人生反转走上巅峰，真的没有那么简单。', '2', '1532649600000', '1535328000000', NULL, '1', NULL, 0, '9.5', 4, NULL),
(17, '龙虾刑警', './images/lxxj.jpg', './images/lxxj_b.jpg', 'Lobster Cop', '话唠杜宇飞（王千源 饰）、处于半退休状态的能叔、恨嫁女花姐（袁姗姗 饰）以及新人陈笠组成的不靠谱缉毒刑警小队，为了更隐蔽地监视毒贩，他们盘下隔壁的龙虾店。却不料生意火爆起来。在一边经营龙虾店一边搜寻线索时闹出一系列荒唐笑话，而围绕这家龙虾店，还隐藏着一个更大的阴谋.......', '2,8,10', '1529625600000', '1532217600000', 93, '1', NULL, 0, '0.0', 1, NULL),
(18, '猛虫过江', './images/mcgj.jpg', './images/mcgj_b.jpg', 'The Way of The Bug', '东北农村青年沈福（小沈阳 饰）与大雷（潘斌龙 饰）遇见南方姑娘静香（宋芸桦 饰），机缘巧合来到陌生大城市，面对从天而降的巨额遗产和随之而来的种种危机，两人接连施展令人意想不到的“独门秘籍”，引发了一连串爆笑喜剧故事。', '2,8', '1529884800000', '1532476800000', 99, '1', NULL, 0, '0.0', 1, NULL),
(19, '狄仁杰之四大天王', './images/sdtw.jpg', './images/sdtw_b.jpg', 'Detective Dee The Four Heavenly Kings', '狄仁杰(赵又廷 饰）大破神都龙王案，获御赐亢龙锏，并掌管大理寺，使他成为武则天（刘嘉玲 饰）走向权力之路最大的威胁。武则天为了消灭眼中钉，命令尉迟真金（冯绍峰 饰）集结实力强劲的「异人组」，妄图夺取亢龙锏。在医官沙陀忠（林更新 饰）的协助下，狄仁杰既要守护亢龙锏，又要破获神秘奇案，还要面对武则天的步步紧逼，大唐江山陷入了空前的危机之中……', '8,9,13', '1532649600000', '1535328000000', 120, '1', '3_1', 0, '8.0', 4, NULL),
(20, '汪星卧底', './images/wxwd.jpg', './images/wxwd_b.jpg', 'Show Dogs', '讲述了纽约警局警犬麦克斯与它的人类搭档FBI探员弗兰克联手破案的惊险经历。本互不相识且性格迥异的一人一犬，因为一宗珍稀动物偷盗案被强行组队。随后更被派遣到拉斯维加斯参加全球知名犬展，通过卧底行动缉拿罪魁祸首。而此次行动对于“厌狗”的探员弗兰克和不修边幅的麦克斯，远比想象中的艰难……', '4,2', '1532044800000', '1534723200000', 93, '2', NULL, 0, '0.0', 2, NULL),
(21, '小悟空', './images/xwk.jpg', './images/xwk_b.jpg', 'Monkey King Reloaded', '大森是动物园里的一只金丝猴，他梦想自己有一天能成为——“齐天大圣”孙悟空。大森和动物管理员观观有着深厚的友谊。当神秘的怪物出现把观观绑架去了纽约，大森发现控制观观的邪恶力量就是孙悟空曾经的手下败将——牛魔王。如何营救观观、如何打败牛魔王成了摆在大森面前的难题，然而就在这个时候，传说中的八戒大师和身份成谜的纽约警官阿莫出现在了大森的身边......', '2,8,11', '1531526400000', '1534204800000', 85, '1', NULL, 0, '0.0', 2, NULL),
(22, '巨齿鲨', './images/jcs.jpg', './images/jcs_b.jpg', 'The Meg', '一项由中国主导的国际科研项目，正在马里亚纳海沟深处进行时，遭遇未知生物攻击，科研人员被困海底。前美国海军陆战队深海潜水专家乔纳斯•泰勒受命前往营救，再度遭遇数年前曾经在深海给自己留下终身难以磨灭记忆的史前生物巨齿鲨。乔纳斯联手科研项目中的中国女科学家张苏茵成功营救了被困人员，但营救行动却意外造成了巨齿鲨逃离深海。当史前巨兽重返浅海，人类将为自己对大自然的贪婪付出惨重的代价......', '8,7,11', '1533859200000', '1536537600000', 113, '2,5,1', NULL, 0, '7.0', 4, NULL),
(23, '如影随心', './images/rysx.jpg', './images/rysx_b.jpg', 'Lost in Love', '小提琴家陆松（陈晓 饰）与室内设计师文罂（杜鹃 饰）巴黎邂逅，不打不相识，彼此迷恋越陷越深。爱情之名怂恿着他们为爱再大胆一次，走出各自问题满满的情感关系。仿佛只要现任变前任，幸福就唾手可得。然而前任们也都是战士，文罂的前任郑可（华少 饰）是个理性至极的医生，陆松的前任刘娟（马苏 饰）则在情感社区开启了喋喋不休的骂战，是继续坚持对爱的信仰，还是选择放下与原谅重新开始？现代都市情感危机在北京与巴黎街头上演。越是深爱的，往往也正是痛苦的源头，爱情，像是影子，抓不住却也离不开，如影随心……', '1', '1534464000000', '1537142400000', NULL, '1', NULL, 0, '0.0', 2, NULL),
(24, '无双', './images/ws.jpg', './images/ws_b.jpg', 'project gutenberg', '1996年起，多伦多等地连续发生多起谋杀案，而这几宗案件都与一个以“画家”(周润发饰)为首的国际假钞集团有关。在一宗跨国假钞案件中，该集团多名成员被杀，“画家”下落不明，随着集团成员之一的李问（郭富城 饰）被捕，真相渐渐浮出水面……', '6,8,10', '1538265600000', '1540828800000', NULL, '1,5', NULL, 0, '0.0', 2, NULL),
(25, '八只鸡', './images/bzj.jpg', './images/bzj_b.jpg', 'No Choice', '村里闹鸡瘟，而母亲又怀有身孕，去镇上赶集卖掉八只鸡的“美差”，就落到了8岁的宁小山身上。熟悉的山间小路、并不熟络的镇上居民，稚嫩的小山能卖掉八只鸡吗？其间，他先后遇到“疯婆子”葛红、卖肉贩子、嘲笑小山的非主流以及追着他不放的一条狗，面对“整个世界”的敌意，8岁的小山该如何在成长过程中去了解这个世界？尤其是在偷偷跑去电影院看电影后，小山的八只鸡丢了，作为全家生活依靠的八只鸡，小山回家该如何向母亲交差？而他的父亲又去了哪里？', '4', '1531958400000', '15346368000001', 90, '1', NULL, 0, '0.0', 1, 0),
(26, '摸金校尉之九幽将军', './images/jyjj.jpg', './images/jyjj_b.jpg', 'Mojin Returns', '天下霸唱原著改编《摸金校尉之九幽将军》定档2019年国庆。', '11,13', '1569888000000', '1572537600000', NULL, '1', NULL, 0, '0.0', 2, NULL),
(27, '新乌龙院之笑闹江湖', './images/xnjh.jpg', './images/xnjh_b.jpg', 'Oolong Contryard', '又到一年乌龙院招生季，一心想要当坏人的阿威（王宁 饰）和程明星（孔连顺 饰）心怀不轨地进入到乌龙院中学武术。虽然二人成功骗取了长眉师父（吴孟达 饰）的信任，但行为怪诞的他们招来了乌龙院众弟子的怀疑，一系列啼笑皆非的荒唐囧事即将发生。', '2,8', '1534636800000', '1537315200000', 90, '1', NULL, 0, '0.0', 0, NULL),
(28, '风语咒', './images/fyz.jpg', './images/fyz_b.jpg', 'The Wind Guardians', '数千年前，上古四大凶兽为祸人间，被秘术“风语咒”封印，如今四大凶兽之一的“饕餮”即将在千年的沉寂后复苏，而“风语咒”秘术却早已失传……双目失明但乐观开朗的少年郎明与母亲相依为命，母子二人平日里插科打诨，感情至深。虽然父亲多年前失踪，但郎明始终铭记着父亲传授给自己的一句秘诀，那是传说中的失传秘术“风语咒”……', '3,11,13', '1533254400000', '1535932800000', 105, '1', NULL, 0, '7.0', 3, NULL),
(29, '阿修罗', './images/axl.jpg', './images/axl_b.jpg', 'Asura', '数百年前，长有三头的阿修罗王（梁家辉饰欲望之头、刘嘉玲饰谋略之头）决定发起毁灭天界之战，改变以善恶来决定生命轮转的自然法则。阿修罗王战败，失去洞察之头（吴磊 饰），被打入炼狱界。百年后，阿修罗王欲再次发起攻天大战，但若要打开天界之门，他必须要找到洞察之头，并与之合体方能成功。人界山村，牧羊少年如意（吴磊 饰）突然被阿修罗王寻到，恍惚之中被带入阿修罗界。阿修罗王宫中，如意受到王者一般的礼遇，体验着各种前所未有的欲望。当他看到阿修罗王肆意摧残生命，并得知自己就是洞察之头的转世，要与阿修罗王合体毁灭天界时，他愤怒地逃离王宫。美丽善良的阿修罗叛军女首领华蕊（张艺上 饰）遵师所愿，守卫六界。她的出现改变了如意的命运，他在华蕊身上发现了一生真正的渴望——爱！在爱的激励下，如意找到了至善的力量，一举消灭了阿修罗王，挽救整个六界，成为新一代的阿修罗王，当世间一切欲望都能供他驱使之际，他却作出惊天之举……', '1,8,13', '1531440000000', '1534118400000', 141, '1', NULL, 0, '10.0', 3, NULL),
(30, '爵迹2', './images/jj.jpg', './images/jj_b.jpg', 'L.O.R.D', '为了完成前六度王爵西流尔的遗愿，鬼山莲泉、银尘、麒零、天束幽花四人决定一起前往，解救被白银祭司封印的前一度王爵吉尔伽美什。而当四人克服重重阻碍赶到囚禁之地，却不幸遇上白银祭司派出的最强杀手阵容：幽冥、特蕾娅、漆拉，一场正面交锋在所难免，整个亚斯蓝帝国最阴暗的秘密也将逐渐浮出水面。', '3,13', '1536508800000', '1539129600000', 120, '1', NULL, 0, '0.0', 0, 1),
(31, '爸，我一定行的', './images/bwydxd.jpg', './images/bwydxd_b.jpg', 'Proud of Me', '369（郑润奇 饰）是父亲李锦龙（郑鹏生 饰）拉扯大的，父亲最大的愿望，是369能考上大学，将来有个像样的生计，但369的成绩总是全校倒数前十。 高二那年，369逃课被退学了，父亲的愿望泡汤，只能各种托关系，让儿子去学个一技之长，望他出社会能够独立。然而， 369做一样厌一样，混了七八年一事无成，被乡里人唱衰。 最终，369决定逃离乡里，逃离每天被流言蜚语的日子，跑到深圳，做起了网络主播。父子俩的关系，在369一次次违背父亲的愿望中，走向了决裂。', '2,4', '1534867200000', '1537545600000', 100, '1', NULL, 0, '0.0', 0, 0),
(32, '李茶的姑妈', './images/lcdgm.jpg', './images/lcdgm_b.jpg', 'Hello, Mrs. Money', '李茶的姑妈是个有钱的寡妇，因为李茶的订婚仪式而聚首的一群人都在觊觎姑妈的财产，一场由金钱、谎言引发人生错位的爆笑故事由此展开。', '2', '1538236800000', '1540857600000', NULL, '1', NULL, 0, '0.0', 0, 0),
(33, '新哥斯拉', './images/xgsl.jpg', './images/xgsl_b.jpg', 'シン・ゴジラ', '平静的东京湾突然发生海难，当人们还在猜想是否海底火山爆发时，一只巨大的怪兽冒出水面并登陆城区。日本政府主导成立了“巨大不明生物灾害部”，网罗了国家中的奇人异士加盟，研究发现怪兽是受到放射性污染而诞生出来的，命名为哥斯拉；尝试了各种办法均宣告失败的“灾害部”最后不得不决定对哥斯拉采取武装攻击。但是这个巨大的怪兽哥斯拉完成了更恐怖的进化，整个东京将要沦为一片人间地狱，一场人类与怪兽的最终决战即将到来……该片是2017年日本票房突破80亿的日本真人电影，并横扫第40届日本电影学院七项大奖；片中的怪兽也被称为整个哥斯拉系列中“最大版本”。', '4,7,25', '1533225600000', '1535904000000', 120, '4', NULL, 0, '0.0', 0, 0),
(34, '妈妈咪呀2', './images/mmmy.jpg', './images/mmmy_b.jpg', 'Mamma Mia: Here We Go Again!', '本片将围绕Sophie（阿曼达·塞弗里德 饰）以及她的妈妈Donna（梅丽尔·斯特里普 饰）年轻时的爱情故事展开---怀孕的Sophie一直自我质疑能否独自抚养孩子长大，直到她知道了Donna孤身一人将自己养育成人的经历，受到了极大鼓舞。年轻时的Donna将由莉莉·詹姆斯饰演，雪儿也将现身影片，饰演Sophie的外婆Ruby。', '1,2,21', '1533225600000', '1535904000000', 114, '2', NULL, 0, '0.0', 0, 0),
(35, '小偷家族', './images/xtjz.jpg', './images/xtjz_b.jpg', '万引き家族', '东京高楼林立的大厦之间，残存一个破旧平房，里面住着年迈的母亲柴田初枝(树木希林 饰)、治(Lily Franky 饰)与信代(安藤樱 饰)夫妇，以及他们的儿子祥太(城桧吏 饰)，和信代的妹妹亚纪(松冈茉优 饰)。这家人依赖初枝的老人年金过活。当年金不够用时，就会靠在外头顺手牵羊来补贴家用。虽然他们处在社会的底层，但每天依然快乐地生活着。某个寒冷的冬日，治在周边的公寓发现了一位被冻僵瑟瑟发抖的小女孩(佐佐木美结 饰)，并将她带回了家，照顾起居，成为了家里的一份子。直到有一天，一个意外的事件使得原本融洽的家庭逐渐四分五裂。彼此心中隐藏的秘密与内心深处暗藏的愿望，也逐渐摊在阳光底下......', '4,10', '1533225600000', '1535904000000', 121, '4', NULL, 0, '0.0', 0, 0),
(36, '浴血广昌', './images/yxgc.jpg', './images/yxgc_b.jpg', 'BLOOD-SOAKED GUANGCHANG', '影片以1934年的“广昌战役”为历史背景，讲述了第二次国内革命战争时期发生在原中央苏区北大门——广昌的浴血奋战故事。再现了时代大背景下苏区人民对党和红军的支持和热爱，讴歌了革命先烈为了信仰，不畏艰苦、不怕牺牲、敢于胜利的豪迈气概和革命精神。', '12,19', '1533052800000', '1535731200000', 100, '1', NULL, 0, '0.0', 1, 0);

-- --------------------------------------------------------

--
-- 表的结构 `movieactor`
--

CREATE TABLE `movieactor` (
  `maid` int(11) NOT NULL,
  `mid` int(11) DEFAULT NULL,
  `role` varchar(128) DEFAULT NULL
) ENGINE=InnoDB DEFAULT CHARSET=utf8;

--
-- 转存表中的数据 `movieactor`
--

INSERT INTO `movieactor` (`maid`, `mid`, `role`) VALUES
(1, 4, '1_1,3_1');

-- --------------------------------------------------------

--
-- 表的结构 `moviebrand`
--

CREATE TABLE `moviebrand` (
  `mbid` int(11) NOT NULL,
  `mbname` varchar(32) DEFAULT NULL,
  `count` int(11) DEFAULT NULL
) ENGINE=InnoDB DEFAULT CHARSET=utf8;

--
-- 转存表中的数据 `moviebrand`
--

INSERT INTO `moviebrand` (`mbid`, `mbname`, `count`) VALUES
(1, '大地影院', NULL),
(2, '耀莱成龙国际影城', NULL),
(3, '保利国际影城', NULL),
(4, '万达影城', NULL),
(5, '博纳国际影城', NULL),
(6, '金逸影城', NULL),
(7, '中影国际影城', NULL),
(8, ' CGV影城', NULL),
(9, '橙天嘉禾影城', NULL),
(10, '新华国际影城', NULL),
(11, '星美国际影城', NULL),
(12, '百老汇影城', NULL),
(13, 'UME国际影城', NULL),
(14, '幸福蓝海国际影城', NULL),
(15, '首都电影院', NULL),
(16, '华谊兄弟影院', NULL),
(17, '卢米埃影城', NULL),
(18, '沃美影城', NULL),
(19, '美嘉欢乐影城', NULL),
(20, '嘉华国际影城', NULL),
(21, '17.5影城', NULL),
(22, '太平洋电影城', NULL),
(23, 'SFC上影影城', NULL),
(24, '嘉美国际影城', NULL),
(25, '东都影城', NULL),
(26, '鲁信影城', NULL),
(27, '华影国际影城', NULL),
(28, '搜秀影城', NULL),
(29, '横店电影城', NULL),
(30, '其他', NULL);

-- --------------------------------------------------------

--
-- 表的结构 `moviecenter`
--

CREATE TABLE `moviecenter` (
  `mcid` int(11) NOT NULL,
  `poster` varchar(32) NOT NULL,
  `mcenter_name` varchar(32) DEFAULT NULL,
  `tel` varchar(32) DEFAULT NULL,
  `glass` varchar(64) DEFAULT NULL,
  `childassist` varchar(128) NOT NULL,
  `parking` varchar(128) NOT NULL,
  `mbid` int(11) DEFAULT NULL,
  `address` varchar(128) DEFAULT NULL
) ENGINE=InnoDB DEFAULT CHARSET=utf8;

--
-- 转存表中的数据 `moviecenter`
--

INSERT INTO `moviecenter` (`mcid`, `poster`, `mcenter_name`, `tel`, `glass`, `childassist`, `parking`, `mbid`, `address`) VALUES
(1, './images/qcgxdyy.png', '青春光线电影院', '010-64142287', '免费提供普通3D眼镜', '1.3m以下儿童观看2D普通电影免票，每个成年人仅限带一名儿童。', '', 30, '东城区滨河路乙1号雍和航星园74-76号楼'),
(2, './images/wdyyjgcd.jpg', '万达影院(京港城店)', NULL, '免押金', '1.3米以下免费。特殊厅儿童需购票', '因国家政策调整，影院无免费停车服务，停车每小时7.5元', 4, '丰台区光彩路京港城生活广场6楼（京深海鲜市场对面）'),
(3, './images/bylkyc.jpg', '百誉朗克影城', '010-57761726', '免押金（免费提供成人眼镜无押金/特殊眼镜外：近视夹片，儿童眼镜需自行购买）', '1.2m一下儿童2D,3D免票', '', NULL, '朝阳区林萃西里16号楼华创生活广场F1层'),
(4, './images/mtgyjy.jpg', '门头沟影剧院', '010-69842686', '收费 自费购买, 10.0元每副', '儿童1.3米（含）以下观看成人影片免票入场，不占座位，3D影片需自备眼镜或购买眼镜10元/付。动画片需购票。', '停车位20个，凭票根免费停车', NULL, '门头沟区新桥大街12号'),
(5, './images/dgldyy.jpg', '大观楼电影院', '010-63083312  010-63030878', '免押金', '一律凭票入场', '', NULL, '西城区前门大街大栅栏街36号'),
(6, './images/sfcsyycbjfsd.jpg', 'SFC上影影城(北京房山店)', '010-52802645', ' 免押金', '1.3米及以下儿童观影免费（特殊影厅，场次除外），每位家长限带一名免票儿童', '', NULL, '房山区黄辛庄路口绿地缤纷城3层'),
(7, './images/lxyjy.png', '良乡影剧院', '010-69352415 010-69353905', '免费提供3D眼镜', '', '影城停车场', NULL, '房山区良乡拱辰大街31号'),
(8, './images/blhdyzxwgcd.jpg', '百老汇电影中心(万国城店)', '010-84388257 010-84388258', '免押金', '1.2m（不含）以下2D免费无座，观看3D及动画片均需购票', '', NULL, '东城区香河园路1号当代MOMA北区T4座（近东直门公交枢纽）'),
(9, './images/bsyc.jpg', '百尚影城', '15311968955', '需押金, 20.0元每副', '每位观影用户可免费带领1名身高1.3米（含）以下儿童同场观影，该儿童观影与大人同座，不予单独出票。1.3米（不含）以上可凭学生证购买学生票', '免费停车位约30个，位置广场前', NULL, '通州区马驹桥镇百尚生活广场3楼'),
(10, './images/blgycgmd.jpg', '百丽宫影城(国贸店)', '010-85351808', '免押金', '1.2m（不含）以下2D/3D免费无座，每位成人最多携带1名免票儿童，1.2m（含）以上可凭学生证购买学生票', '凭影票自助商场积分兑换商场停车券', NULL, '朝阳区建国门外大街1号国贸商城北区B1层B120'),
(11, './images/lmaycfcdd.jpg', '卢米埃影城(芳草地店)', '400-601-0618', '免押金', '1.3米以下免票，无座；平时半价', '有大型停车场', NULL, '朝阳区东大桥路9号侨福芳草地购物中心LG2-26（尚都SOHO对面）'),
(12, './images/gtyy.jpg', '国图影院', '010-88544777', '免押金', '每位观影用户可免费带领1名身高__1.3____米（含）以下儿童同场观影', '', NULL, '海淀区中关村南大街33号国家图书馆内'),
(13, './images/hyxdyy.jpg', '华谊兄弟影院(IMAX洋桥店)', '010-56530888', '免费提供一次性3D眼镜，让观影更安全、更卫生、更便捷!更有儿童专属眼镜和夹片眼镜等贴心服务', '1.3m以下儿童免票（特殊厅除外），一名成人限带一名儿童，儿童无座。如遇3D影片需自备3D眼镜或至前台购买。', '银泰百货停车场', NULL, '丰台区马家堡东路101号院10号银泰百货6层地铁10号线角门东站D口'),
(14, './images/tgycyzd.jpg', '唐阁影城(亦庄店)', '010-52595199', '免费提供', '1.3米以下儿童可免费观看2D、3D电影，一位成人可带一位免票儿童观影\r\n', '可停车 凭1张影票可免费停车2小时，2张票4小时', NULL, '大兴区经济技术开发区荣华中路8号院华联力宝购物中心四层'),
(15, './images/whycsjqd.jpg', '万画影城(四季青店)', '010-88493114', '个性化3D眼镜（普通眼镜、儿童眼镜、3D眼镜贴片）', '1.3米以下儿童免票无座(需家长陪同）,提供儿童增高垫', '凭当日电影票在前台盖章可免费停车1小时，每辆车一次限用一张', NULL, '海淀区西四环北路金四季购物中心中段三层B003');

-- --------------------------------------------------------

--
-- 表的结构 `movietype`
--

CREATE TABLE `movietype` (
  `tid` int(11) NOT NULL,
  `tname` varchar(18) DEFAULT NULL
) ENGINE=InnoDB DEFAULT CHARSET=utf8;

--
-- 转存表中的数据 `movietype`
--

INSERT INTO `movietype` (`tid`, `tname`) VALUES
(1, '爱情'),
(2, '喜剧'),
(3, '动画'),
(4, '剧情'),
(5, '恐怖'),
(6, '惊悚'),
(7, '科幻'),
(8, '动作'),
(9, '悬疑'),
(10, '犯罪'),
(11, '冒险'),
(12, '战争'),
(13, '奇幻'),
(14, '运动'),
(15, '家庭'),
(16, '古装'),
(17, '武侠'),
(18, '西部'),
(19, '历史'),
(20, '传记'),
(21, '歌舞'),
(22, '黑色电影'),
(23, '短片'),
(24, '记录片'),
(25, '灾难');

-- --------------------------------------------------------

--
-- 表的结构 `showing_movie_ticket`
--

CREATE TABLE `showing_movie_ticket` (
  `smtid` int(11) NOT NULL,
  `uid` int(11) NOT NULL,
  `hid` int(11) NOT NULL,
  `cid` int(11) NOT NULL,
  `mid` int(11) DEFAULT NULL,
  `seat` varchar(256) DEFAULT NULL,
  `rows` int(11) DEFAULT NULL,
  `columns` int(11) DEFAULT NULL,
  `ticketdate` varchar(32) NOT NULL,
  `buydate` varchar(32) NOT NULL,
  `status` varchar(128) DEFAULT NULL,
  `ordernum` varchar(32) NOT NULL
) ENGINE=InnoDB DEFAULT CHARSET=utf8;

--
-- 转存表中的数据 `showing_movie_ticket`
--

INSERT INTO `showing_movie_ticket` (`smtid`, `uid`, `hid`, `cid`, `mid`, `seat`, `rows`, `columns`, `ticketdate`, `buydate`, `status`, `ordernum`) VALUES
(61, 19, 5, 7, 4, '3_5', 3, 5, '1532879400000', '1532866587000', '1', '15328665871316'),
(62, 19, 6, 8, 4, '2_4', 2, 4, '1532882400000', '1532868197000', '1', '15328681977307'),
(63, 19, 6, 8, 4, '3_4', 3, 4, '1532882400000', '1532868197000', '1', '15328681977307'),
(64, 19, 6, 8, 4, '4_4', 4, 4, '1532882400000', '1532868197000', '1', '15328681977307'),
(65, 19, 6, 8, 4, '5_4', 5, 4, '1532882400000', '1532868197000', '1', '15328681977307'),
(66, 19, 6, 8, 4, '6_4', 6, 4, '1532882400000', '1532868197000', '1', '15328681977307');

-- --------------------------------------------------------

--
-- 表的结构 `user`
--

CREATE TABLE `user` (
  `uid` int(11) NOT NULL,
  `uname` varchar(16) DEFAULT NULL,
  `upwd` varchar(36) DEFAULT NULL,
  `avator` varchar(128) DEFAULT NULL,
  `gender` int(11) DEFAULT NULL,
  `birth` varchar(36) DEFAULT NULL,
  `career` varchar(24) DEFAULT NULL,
  `favorite` varchar(36) DEFAULT NULL,
  `mysignal` varchar(128) DEFAULT NULL
) ENGINE=InnoDB DEFAULT CHARSET=utf8;

--
-- 转存表中的数据 `user`
--

INSERT INTO `user` (`uid`, `uname`, `upwd`, `avator`, `gender`, `birth`, `career`, `favorite`, `mysignal`) VALUES
(2, 'zhuangnan', 'e10adc3949ba59abbe56e057f20f883e', NULL, 0, NULL, NULL, NULL, NULL),
(3, 'dingjiawei', 'e10adc3949ba59abbe56e057f20f883e', NULL, 0, NULL, NULL, NULL, NULL),
(4, 'wangyanyan', 'e10adc3949ba59abbe56e057f20f883e', NULL, 0, NULL, NULL, NULL, NULL),
(5, 'wangyuxin', 'e10adc3949ba59abbe56e057f20f883e', NULL, 0, NULL, NULL, NULL, NULL),
(6, 'wangdanyu', 'e10adc3949ba59abbe56e057f20f883e', NULL, 0, NULL, NULL, NULL, NULL),
(7, 'wangxin', 'e10adc3949ba59abbe56e057f20f883e', NULL, NULL, NULL, NULL, NULL, NULL),
(17, '小雪1130', 'e10adc3949ba59abbe56e057f20f883e', NULL, NULL, NULL, NULL, NULL, NULL),
(18, '石家庄本庄', 'e10adc3949ba59abbe56e057f20f883e', NULL, NULL, NULL, NULL, NULL, NULL),
(19, '赵丹利123', 'e10adc3949ba59abbe56e057f20f883e', NULL, NULL, NULL, NULL, NULL, NULL),
(20, 'jiahui', 'e10adc3949ba59abbe56e057f20f883e', NULL, NULL, NULL, NULL, NULL, NULL),
(21, '点点111', 'e10adc3949ba59abbe56e057f20f883e', NULL, NULL, NULL, NULL, NULL, NULL),
(22, '123123', '4297f44b13955235245b2497399d7a93', NULL, NULL, NULL, NULL, NULL, NULL),
(23, 'dingding', 'e10adc3949ba59abbe56e057f20f883e', NULL, NULL, NULL, NULL, NULL, NULL),
(24, '123123123', 'e10adc3949ba59abbe56e057f20f883e', NULL, NULL, NULL, NULL, NULL, NULL),
(25, 'linana', 'e10adc3949ba59abbe56e057f20f883e', NULL, NULL, NULL, NULL, NULL, NULL),
(26, '111111', '96e79218965eb72c92a549dd5a330112', NULL, NULL, NULL, NULL, NULL, NULL),
(27, 'hl123456', 'e10adc3949ba59abbe56e057f20f883e', NULL, NULL, NULL, NULL, NULL, NULL),
(28, 'liuliuliu', 'e10adc3949ba59abbe56e057f20f883e', NULL, NULL, NULL, NULL, NULL, NULL);

--
-- Indexes for dumped tables
--

--
-- Indexes for table `actor`
--
ALTER TABLE `actor`
  ADD PRIMARY KEY (`aid`);

--
-- Indexes for table `actor_identity`
--
ALTER TABLE `actor_identity`
  ADD PRIMARY KEY (`iid`);

--
-- Indexes for table `banner`
--
ALTER TABLE `banner`
  ADD PRIMARY KEY (`bid`);

--
-- Indexes for table `cinema`
--
ALTER TABLE `cinema`
  ADD PRIMARY KEY (`cid`);

--
-- Indexes for table `city`
--
ALTER TABLE `city`
  ADD PRIMARY KEY (`cid`);

--
-- Indexes for table `comment`
--
ALTER TABLE `comment`
  ADD PRIMARY KEY (`cid`);

--
-- Indexes for table `favorite`
--
ALTER TABLE `favorite`
  ADD PRIMARY KEY (`fid`);

--
-- Indexes for table `hall`
--
ALTER TABLE `hall`
  ADD PRIMARY KEY (`hid`);

--
-- Indexes for table `location`
--
ALTER TABLE `location`
  ADD PRIMARY KEY (`lid`);

--
-- Indexes for table `movie`
--
ALTER TABLE `movie`
  ADD PRIMARY KEY (`mid`);

--
-- Indexes for table `movieactor`
--
ALTER TABLE `movieactor`
  ADD PRIMARY KEY (`maid`);

--
-- Indexes for table `moviebrand`
--
ALTER TABLE `moviebrand`
  ADD PRIMARY KEY (`mbid`);

--
-- Indexes for table `moviecenter`
--
ALTER TABLE `moviecenter`
  ADD PRIMARY KEY (`mcid`);

--
-- Indexes for table `movietype`
--
ALTER TABLE `movietype`
  ADD PRIMARY KEY (`tid`);

--
-- Indexes for table `showing_movie_ticket`
--
ALTER TABLE `showing_movie_ticket`
  ADD PRIMARY KEY (`smtid`);

--
-- Indexes for table `user`
--
ALTER TABLE `user`
  ADD PRIMARY KEY (`uid`);

--
-- 在导出的表使用AUTO_INCREMENT
--

--
-- 使用表AUTO_INCREMENT `actor`
--
ALTER TABLE `actor`
  MODIFY `aid` int(11) NOT NULL AUTO_INCREMENT, AUTO_INCREMENT=2;

--
-- 使用表AUTO_INCREMENT `actor_identity`
--
ALTER TABLE `actor_identity`
  MODIFY `iid` int(11) NOT NULL AUTO_INCREMENT, AUTO_INCREMENT=15;

--
-- 使用表AUTO_INCREMENT `banner`
--
ALTER TABLE `banner`
  MODIFY `bid` int(11) NOT NULL AUTO_INCREMENT, AUTO_INCREMENT=7;

--
-- 使用表AUTO_INCREMENT `cinema`
--
ALTER TABLE `cinema`
  MODIFY `cid` int(11) NOT NULL AUTO_INCREMENT, AUTO_INCREMENT=18;

--
-- 使用表AUTO_INCREMENT `city`
--
ALTER TABLE `city`
  MODIFY `cid` int(11) NOT NULL AUTO_INCREMENT, AUTO_INCREMENT=64;

--
-- 使用表AUTO_INCREMENT `comment`
--
ALTER TABLE `comment`
  MODIFY `cid` int(11) NOT NULL AUTO_INCREMENT, AUTO_INCREMENT=28;

--
-- 使用表AUTO_INCREMENT `favorite`
--
ALTER TABLE `favorite`
  MODIFY `fid` int(11) NOT NULL AUTO_INCREMENT, AUTO_INCREMENT=155;

--
-- 使用表AUTO_INCREMENT `hall`
--
ALTER TABLE `hall`
  MODIFY `hid` int(11) NOT NULL AUTO_INCREMENT, AUTO_INCREMENT=74;

--
-- 使用表AUTO_INCREMENT `location`
--
ALTER TABLE `location`
  MODIFY `lid` int(11) NOT NULL AUTO_INCREMENT, AUTO_INCREMENT=19;

--
-- 使用表AUTO_INCREMENT `movie`
--
ALTER TABLE `movie`
  MODIFY `mid` int(11) NOT NULL AUTO_INCREMENT, AUTO_INCREMENT=37;

--
-- 使用表AUTO_INCREMENT `movieactor`
--
ALTER TABLE `movieactor`
  MODIFY `maid` int(11) NOT NULL AUTO_INCREMENT, AUTO_INCREMENT=2;

--
-- 使用表AUTO_INCREMENT `moviebrand`
--
ALTER TABLE `moviebrand`
  MODIFY `mbid` int(11) NOT NULL AUTO_INCREMENT, AUTO_INCREMENT=31;

--
-- 使用表AUTO_INCREMENT `moviecenter`
--
ALTER TABLE `moviecenter`
  MODIFY `mcid` int(11) NOT NULL AUTO_INCREMENT, AUTO_INCREMENT=16;

--
-- 使用表AUTO_INCREMENT `movietype`
--
ALTER TABLE `movietype`
  MODIFY `tid` int(11) NOT NULL AUTO_INCREMENT, AUTO_INCREMENT=26;

--
-- 使用表AUTO_INCREMENT `showing_movie_ticket`
--
ALTER TABLE `showing_movie_ticket`
  MODIFY `smtid` int(11) NOT NULL AUTO_INCREMENT, AUTO_INCREMENT=67;

--
-- 使用表AUTO_INCREMENT `user`
--
ALTER TABLE `user`
  MODIFY `uid` int(11) NOT NULL AUTO_INCREMENT, AUTO_INCREMENT=29;
COMMIT;

/*!40101 SET CHARACTER_SET_CLIENT=@OLD_CHARACTER_SET_CLIENT */;
/*!40101 SET CHARACTER_SET_RESULTS=@OLD_CHARACTER_SET_RESULTS */;
/*!40101 SET COLLATION_CONNECTION=@OLD_COLLATION_CONNECTION */;
